Susceptibles,Infectados,Recuperados
1.0,0.1,0.0
0.783,0.17700000000000002,0.04000000000000001
0.6028317,0.2863683,0.11080000000000002
0.37841024415035696,0.396242435849643,0.22534732000000002
0.1834853881899827,0.43267031747016005,0.38384429433985723
